L,DirectStore,Path ORAM,Ring ORAM,AtomORAM
10,13.041110499999998,93.29197493749999,52.464104234375,13.33145340625
12,13.041110499999998,106.61778856250001,59.995557640624995,13.33145340625
14,13.041110499999998,119.94360218749998,67.52701104687499,13.33145340625
16,13.041110499999998,133.2694158125,75.05846445312503,13.33145340625
18,13.041110499999998,146.5952294375,82.589917859375,13.33145340625
20,13.041110499999998,159.92104306250002,90.121371265625,13.33145340625
22,13.041110499999998,173.2468566875,97.65282467187504,13.33145340625
24,13.041110499999998,186.57267031249995,105.184278078125,13.33145340625
