L,DirectStore,Path ORAM,Ring ORAM,AtomORAM
10,5.0411105,97.29197493749999,55.76410423437498,5.33145340625
12,5.0411105,114.61778856250001,65.69555764062503,5.33145340625
14,5.0411105,131.94360218749998,75.62701104687498,5.33145340625
16,5.0411105,149.26941581250003,85.558464453125,5.33145340625
18,5.0411105,166.5952294375,95.48991785937501,5.33145340625
20,5.0411105,183.92104306250002,105.42137126562503,5.33145340625
22,5.0411105,201.2468566875,115.35282467187501,5.33145340625
24,5.0411105,218.57267031250004,125.28427807812503,5.33145340625
