L,DirectStore,Path ORAM,Ring ORAM,AtomORAM
10,25.041110500000002,157.29197493750002,89.864104234375,21.265162725000003
12,25.041110500000002,178.61778856249998,102.195557640625,21.265162725000003
14,25.041110500000002,199.94360218749998,114.527011046875,19.232017384375002
16,25.041110500000002,221.26941581249997,126.85846445312502,11.099436021875002
18,25.041110500000002,242.59522943750002,139.18991785937502,19.232017384375002
20,25.041110500000002,263.92104306249996,151.52137126562502,21.265162725000003
22,25.041110500000002,285.2468566875,163.85282467187503,21.265162725000003
24,25.041110500000002,306.5726703125,176.184278078125,23.298308065625
