L,DirectStore,Path ORAM,Ring ORAM,AtomORAM
10,15.041110499999998,137.29197493750002,78.864104234375,13.265162725000001
12,15.041110499999998,158.6177885625,91.19555764062503,13.265162725000001
14,15.041110499999998,179.94360218749998,103.527011046875,12.232017384375002
16,15.041110499999998,201.26941581250003,115.85846445312502,8.099436021875
18,15.041110499999998,222.59522943750002,128.18991785937502,12.232017384375002
20,15.041110499999998,243.9210430625,140.52137126562502,13.265162725000001
22,15.041110499999998,265.24685668750004,152.85282467187503,13.265162725000001
24,15.041110499999998,286.5726703125,165.184278078125,14.298308065625003
