L,DirectStore,Path ORAM,Ring ORAM,AtomORAM
10,12.041110499999998,71.29197493749999,39.264104234375,12.331453406250002
12,12.041110499999998,80.6177885625,44.395557640625,12.331453406250002
14,12.041110499999998,89.9436021875,49.527011046874996,12.331453406250002
16,12.041110499999998,99.2694158125,54.658464453125,12.331453406250002
18,12.041110499999998,108.59522943749998,59.78991785937499,12.331453406250002
20,12.041110499999998,117.9210430625,64.921371265625,12.331453406250002
22,12.041110499999998,127.24685668750001,70.05282467187499,12.331453406250002
24,12.041110499999998,136.57267031250004,75.184278078125,12.331453406250002
