Alpha,Mean_Latency,P99_Latency,Max_Queue
0.2,38.42752277008975,76.02208813887569,639
0.4,28.839522770089747,57.0378481388757,479
0.6,19.25152277008975,38.0536081388757,320
0.8,9.663522770089749,19.069368138875692,160
1.0,0.07552277008974922,0.08533145340972001,0
1.2,0.03160277008801123,0.06133145340626558,0
1.5,0.015597770088011604,0.025331453406278424,0
2.0,0.015597770088007818,0.025331453406250003,0
