Alpha,Mean_Latency,P99_Latency,Max_Queue
0.2,36.21389726195402,71.69829175435305,646
0.4,27.69423471876653,54.8293599188418,494
0.6,19.174572175579044,37.96042808333058,342
0.8,10.654909632391542,21.09149624781933,190
1.0,2.1352470892040527,4.222564412308088,38
1.2,0.00533145340625,0.00533145340625,0
1.5,0.00533145340625,0.00533145340625,0
2.0,0.00533145340625,0.00533145340625,0
