Alpha,Mean_Latency,P99_Latency,Max_Queue
0.2,38.40233527008975,75.9921881388757,639
0.4,28.814335270089746,57.007948138875705,479
0.6,19.226335270089752,38.02370813887571,319
0.8,9.638335270089748,19.039468138875694,160
1.0,0.050335270089749376,0.05533145340972399,0
1.2,0.01838527008800969,0.031331453406269555,0
1.5,0.010385270088007811,0.01533145340625,0
2.0,0.010385270088007811,0.01533145340625,0
