Alpha,Mean_Latency,P99_Latency,Max_Queue
0.2,19.587831453406974,38.7718214533845,641
0.4,14.793831453406973,29.27970145338449,484
0.6,9.999831453406978,19.787581453384494,327
0.8,5.205831453406976,10.295461453384494,170
1.0,0.41183145340697647,0.8033414533844957,13
1.2,0.01287895340243105,0.013331453406209741,0
1.5,0.012973953397407362,0.013331453406213056,0
2.0,0.012855203406401299,0.013331453406221078,0
