Alpha,Mean_Latency,P99_Latency,Max_Queue
0.2,51.548831453449985,102.0536214536503,640
0.4,38.76483145344997,76.7413014536503,481
0.6,25.980831453449973,51.42898145365028,322
0.8,13.196831453449972,26.11666145365028,163
1.0,0.41283145344997296,0.8043414536502833,4
1.2,0.013657703479704414,0.014331453406166044,0
1.5,0.013593953515692796,0.014331453406151882,0
2.0,0.013527703555651154,0.0143314534061554,0
