Alpha,Mean_Latency,P99_Latency,Max_Queue
0.2,38.459115704192094,76.0540768593132,639
0.4,28.871115704192096,57.06983685931321,480
0.6,19.2831157041921,38.08559685931321,320
0.8,9.695115704192096,19.101356859313203,160
1.0,0.10711570419209857,0.11732017384725882,0
1.2,0.0345831877657446,0.09332017384375002,0
1.5,0.02090193175183643,0.05732017384376067,0
2.0,0.015241969653398444,0.025331453406250003,0
