Trace,Protocol,P5,P50,P95,P99
MSRC,Path ORAM,0.4876788061249428,167.4352282978658,374.7017516806369,388.351403074416
MSRC,Ring ORAM,0.22994510100031784,91.75178933963718,215.40672818761132,224.80781367212862
MSRC,AtomORAM,0.16482231999994212,70.76923612788198,169.94116353605312,177.48586810128864
AliCloud,Path ORAM,24.271937597159468,241.09821558402732,458.01062002092283,477.3394436242026
AliCloud,Ring ORAM,14.352454230912562,145.15029050009292,275.9343660148981,287.7142062243871
AliCloud,AtomORAM,11.696923180736318,117.04021200000446,222.4897736034148,231.90987060341516
Google,Path ORAM,22.582743004892606,226.50358333694874,431.7737732393072,449.8434808327107
Google,Ring ORAM,12.673259638645701,130.56400098598377,249.84414830140307,260.27658616585757
Google,AtomORAM,10.007728588469472,102.44557975292652,196.2529268218001,204.41390781192422
