Trace,Protocol,P50,P95,P99
MSRC (Sparse),Path ORAM,83.8881277385256,216.56741269839642,228.95126231260716
MSRC (Sparse),Ring ORAM,16.739601349771664,60.58334252445118,65.15735812628373
MSRC (Sparse),AtomORAM,187.12784872580468,454.67765952784384,479.0500003283762
AliCloud (Dense),Path ORAM,154.52771307230788,293.6113822322297,305.96525704644495
AliCloud (Dense),Ring ORAM,55.11736905274836,105.82001666396441,110.25440931423235
AliCloud (Dense),AtomORAM,304.2419999258578,578.1961949256081,602.538560925586
