Trace,Protocol,P5,P50,P95,Mean
MSRC,Path ORAM,0.5276897661249464,184.79432996595017,408.06665248366926,190.06388245625044
MSRC,Ring ORAM,0.2815698880312058,100.96715541028505,235.34756124253184,104.77323123454295
MSRC,AtomORAM,0.025331453406250003,33.76595436082893,85.35926740088324,35.405383967745685
AliCloud,Path ORAM,26.29093759715946,261.10821558403484,496.0116200209156,261.20349623403564
AliCloud,Ring ORAM,15.49195423091257,156.87529050009204,298.39983781598715,156.90036817034985
AliCloud,AtomORAM,6.145115567031385,63.59286926703365,119.3836271362999,63.2952032085433
