Trace,Protocol,P5,P50,P95,P99
MSRC,Path ORAM,0.5276897661249464,184.79432996595017,408.06665248366926,422.576037162182
MSRC,Ring ORAM,0.2500741409999011,100.99881267731632,235.11430310628194,245.02493700979858
MSRC,AtomORAM,0.18481895999999776,70.79423612788196,169.9711635360531,177.50596810128863
AliCloud,Path ORAM,26.29093759715946,261.10821558403484,496.0116200209156,516.9396436241939
AliCloud,Ring ORAM,15.49195423091257,156.87529050009204,298.28486601489334,311.04430622438144
AliCloud,AtomORAM,11.726423180736319,117.06021200000446,222.5197736034148,231.93987060341516
