Trace,Protocol,P5,P50,P95,P99
MSRC (Sparse),Path ORAM,0.6057631291875001,116.23953623465485,291.0646713215446,307.194818724831
MSRC (Sparse),Ring ORAM,0.37616444200008814,60.99856034761474,163.75260197838557,173.54161145381164
MSRC (Sparse),AtomORAM,0.33719113308438464,87.83696425033519,225.85157504691048,238.70967584660607
AliCloud (Dense),Path ORAM,20.36306129715933,201.40328758402967,382.6328068709355,398.73297947421736
AliCloud (Dense),Ring ORAM,12.065527930912506,121.0805479660321,230.25897379678017,239.95937940407936
AliCloud (Dense),AtomORAM,16.08541345340294,160.31511545381056,304.7341104530882,317.5622364527838
