Trace,Protocol,P5,P50,P95,P99
MSRC (Sparse),Path ORAM,0.3537631291876034,58.23753623469185,157.50047132161015,166.91397872489176
MSRC (Sparse),Ring ORAM,0.20816444199999815,25.119515331308627,80.46114242798681,85.94754556825482
MSRC (Sparse),AtomORAM,0.1348388134261738,19.87696425224162,67.9365750509441,72.79867585082874
AliCloud (Dense),Path ORAM,11.883261297159303,117.36128758402954,223.02860687089677,232.41213947417384
AliCloud (Dense),Ring ORAM,6.793970663881225,68.37251976712461,130.14247466599517,135.63037411299564
AliCloud (Dense),AtomORAM,6.088413453406621,60.363115453354865,114.82711045359532,119.65923645361862
