Trace,Protocol,P5,P50,P95,Mean
MSRC,Path ORAM,0.5276897661249464,184.79432996595017,408.06665248366926,190.06388245625044
MSRC,Ring ORAM,0.2500741409999011,100.99881267731632,235.11430310628194,104.77183327365789
MSRC,AtomORAM,0.17515993340626923,70.81605912161638,170.00315225649064,73.87335442576799
AliCloud,Path ORAM,26.29093759715946,261.10821558403484,496.0116200209156,261.20349623403564
AliCloud,Ring ORAM,15.49195423091257,156.87529050009204,298.28486601489334,156.88396394465715
AliCloud,AtomORAM,11.739097020437884,117.1023664471451,222.53143087044606,117.19804839475981
