Trace,Protocol,P5,P50,P95,P99
MSRC (Sparse),Path ORAM,0.5517631291875491,103.81053623463478,262.44377132148264,277.1346387247667
MSRC (Sparse),Ring ORAM,0.34016444200004453,53.68606034760295,146.85915197835897,155.77552145378397
MSRC (Sparse),AtomORAM,0.2292524964690236,54.01516704929741,147.91631499285646,156.85321909450613
AliCloud (Dense),Path ORAM,18.54596129715935,183.39428758402903,348.431906870913,363.09279947419253
AliCloud (Dense),Ring ORAM,11.030977930912508,110.52804796603166,210.10752379678772,218.9532894040878
AliCloud (Dense),AtomORAM,11.174917580454489,111.29115672394309,211.59668886750208,220.50361816915176
