Burst,Burst_Size,Burst_Start_Time,Burst_End_Time
1,10,0.0,0.06051677667970245
2,30,0.8258695313519856,1.0673673372067647
3,50,3.2969221568348193,3.7710628962039063
4,70,7.342833290517078,7.932804166686745
5,90,13.438521233954233,14.349684668504288
