L,DirectStore,Path ORAM,Ring ORAM,AtomORAM
10,2.0911105000000005,12.391974937499997,5.401575025,2.3814534062499995
12,2.0911105000000005,13.917788562499993,5.958464453125,2.3814534062499995
14,2.0911105000000005,15.443602187499998,6.515353881249997,2.3814534062499995
16,2.0911105000000005,16.9694158125,7.072243309375001,2.3814534062499995
18,2.0911105000000005,18.4952294375,7.629132737499999,2.3814534062499995
20,2.0911105000000005,20.021043062500006,8.186022165625,2.3814534062499995
22,2.0911105000000005,21.546856687500007,8.74291159375,2.3814534062499995
24,2.0911105000000005,23.07267031250001,9.299801021875002,2.3814534062499995
