Burst,Burst_Size,Burst_Start_Time,Burst_End_Time
1,10,0.0,0.005043064723308538
2,30,0.06793509543333529,0.08805991258790029
3,50,0.27294145840013434,0.31245318668089156
4,70,0.6092105586943877,0.6583747983751934
5,90,1.1161991907473021,1.1921294769598056
